{"cameraMode":{"drawMode":0,"name":"Shaded","section":"Shading Mode"},"sceneLighting":true,"audioPlay":false,"sceneViewState":{"showFog":true,"showMaterialUpdate":false,"showSkybox":true,"showFlares":true,"showImageEffects":true,"showParticleSystems":true},"in2DMode":false,"pivot":{"x":1697.119873046875,"y":893.6212158203125,"z":-316.22808837890627},"rotation":{"x":-0.0025182857643812896,"y":0.989667534828186,"z":-0.1423027664422989,"w":-0.017517898231744767},"size":830.6466064453125,"orthographic":false}