{"cameraMode":{"drawMode":0,"name":"Shaded","section":"Shading Mode"},"sceneLighting":false,"audioPlay":false,"sceneViewState":{"showFog":true,"showMaterialUpdate":false,"showSkybox":false,"showFlares":true,"showImageEffects":true,"showParticleSystems":true},"in2DMode":false,"pivot":{"x":184.11000061035157,"y":0.364526629447937,"z":230.75999450683595},"rotation":{"x":0.07131440937519074,"y":0.025432251393795015,"z":-0.00181889021769166,"w":0.9971283674240112},"size":1.559096097946167,"orthographic":true}