{"cameraMode":{"drawMode":0,"name":"Shaded","section":"Shading Mode"},"sceneLighting":false,"audioPlay":false,"sceneViewState":{"showFog":true,"showMaterialUpdate":false,"showSkybox":false,"showFlares":true,"showImageEffects":true,"showParticleSystems":true},"in2DMode":false,"pivot":{"x":0.000011444091796875,"y":3.409324884414673,"z":-0.000041961669921875},"rotation":{"x":0.2763034403324127,"y":0.7204192280769348,"z":-0.40753480792045596,"w":0.4884379506111145},"size":19.076496124267579,"orthographic":false}